time_enter,time_exit,num_facility_visited,num_check_in
35655,83882,42,22
30355,73427,36,11
31100,75281,39,28
30324,76376,36,15
30884,72779,38,20
29357,48995,35,14
29004,77710,43,19
32205,74187,41,15
35664,61883,29,28
31875,80355,42,21
31420,81467,39,26
30775,81588,35,32
30062,72671,37,17
31418,73619,40,29
31977,73986,33,18
28840,80710,46,22
31593,78285,35,42
29576,76463,44,27
31381,77665,42,26
31873,76983,41,15
32009,76537,38,17
31600,77299,41,39
30814,80267,37,16
30422,77241,37,40
31600,77310,39,31
29495,73014,42,11
32733,58364,35,17
34992,55439,38,10
30522,72899,34,26
30115,72513,36,19
31236,81094,30,15
30923,79813,45,22
28895,77595,46,19
35540,61897,36,23
31975,77695,32,15
30506,77349,45,17
29182,77418,44,27
31247,78342,44,22
29197,77277,48,27
30820,74624,37,15
30884,72719,32,35
32247,77626,43,28
63585,84072,34,13
29624,76462,38,41
30855,74322,39,41
31046,80840,36,14
31429,81486,40,24
58296,80940,18,2
30450,80196,42,20
31420,81298,38,45
29576,76056,40,19
29726,72544,39,32
31784,77007,39,21
29590,78038,42,26
30450,80196,39,20
29197,79573,35,37
28855,72998,34,28
50674,84200,28,4
31600,77362,46,32
30904,74373,37,21
31429,81487,41,27
29495,72824,43,21
30884,72565,43,26
32204,74683,42,16
35877,55752,31,13
30918,76983,40,23
32139,73620,38,14
30377,77442,47,20
28878,73477,40,25
32126,80136,50,20
35047,58888,33,11
31600,77524,45,33
31247,78493,43,26
30884,73037,38,36
30654,78060,42,39
29621,74630,42,16
29495,73077,42,25
30842,73314,37,30
30326,79868,44,15
29379,81511,43,19
29504,77286,39,22
31043,80348,35,38
31194,78225,31,41
28890,77355,38,14
31500,78138,36,17
32098,80259,37,35
29908,72849,40,25
32207,80412,45,26
31487,73394,41,21
48920,80017,37,16
29209,76716,41,25
32404,80945,44,25
34767,84354,48,24
29190,81628,37,37
31301,78307,46,18
29713,81489,35,17
29495,72825,44,21
30292,81130,41,19
29197,79610,47,33
30884,72564,41,26
29379,81191,46,30
30453,78176,43,26
30790,74388,38,15
64068,83890,36,11
29379,81210,34,28
32796,54732,21,7
29163,78192,42,23
30993,76986,40,16
29470,73656,45,34
32366,81447,42,45
50036,80269,39,16
29576,76027,45,27
29264,73633,38,29
31338,74026,37,40
31639,80516,29,38
29073,81726,34,12
30900,76282,38,52
29576,76198,44,29
30453,77565,34,35
31429,81666,48,27
29357,48995,35,14
35655,83882,45,22
29927,78389,37,27
34767,84353,48,24
30318,78155,34,20
29060,81517,41,22
31593,77870,35,25
30652,76380,35,23
29495,72756,46,22
35655,83882,43,22
29495,73077,41,25
29876,78533,35,15
28996,76357,44,17
30567,73040,36,43
30991,76540,40,19
29060,81517,40,22
31814,76371,44,15
32014,81752,37,20
29576,76057,43,22
29205,79952,37,16
29264,73633,36,29
50756,84217,42,20
29060,77547,45,23
29294,77039,45,20
29932,72759,37,37
29734,72974,35,30
30693,80261,35,23
31975,78369,40,21
31230,78518,38,21
29927,78566,42,21
29590,78039,43,26
34767,84354,47,24
30236,76455,36,32
30884,72900,34,11
29087,79847,49,22
31004,74178,45,14
31247,78527,37,24
29736,73834,44,24
29576,76056,38,19
29483,80279,38,45
31231,73610,41,16
31420,81297,38,45
31429,81666,50,27
29942,77344,42,36
32348,81093,39,17
30140,80263,37,35
31418,73618,40,29
31342,77921,34,31
29340,81166,44,18
31630,77515,41,16
29564,80432,37,11
30693,80261,35,23
28859,77857,42,21
31593,78219,34,25
31301,78308,45,18
29712,74872,36,17
31892,79855,38,20
28875,80397,42,37
30904,74276,41,24
31682,76979,34,44
32282,80927,45,13
29073,81725,35,12
31604,78375,39,23
32142,74706,38,17
31449,74485,34,36
29765,79925,41,20
31977,73987,49,15
31279,80045,37,19
29067,81135,34,55
31247,78149,33,13
32184,80297,43,23
29261,80384,44,18
30522,72898,34,26
30324,76376,37,15
32154,74848,35,10
30855,74365,41,38
32009,76538,38,17
30233,73714,41,15
52619,83441,41,25
30955,76295,38,23
30859,80891,39,10
30884,72719,32,35
31479,74283,38,37
29726,72719,36,35
30619,66280,35,13
30433,73871,44,34
30587,76255,40,28
35655,83881,44,22
30091,81871,44,16
29467,72981,39,24
32272,76733,34,8
30023,78415,37,16
30453,77594,36,45
30904,74497,44,35
31696,73726,36,12
31600,77309,40,31
31504,74054,39,31
30349,80447,35,20
35863,59068,29,12
29467,72958,40,25
29363,78063,39,49
31561,80454,32,34
30343,72901,48,25
31977,73926,39,18
34815,83962,43,23
31593,78377,46,20
29927,78566,42,21
31975,77695,31,15
31046,80840,36,14
30904,74434,36,25
29752,76181,31,12
32207,80339,43,28
31849,76457,38,27
30453,78207,38,40
28951,80083,44,15
31473,76335,36,28
32055,80690,44,45
51757,83827,26,5
29343,80578,46,23
29850,80610,37,12
29518,80796,39,20
29495,72810,43,26
28996,76358,46,16
31642,77267,35,14
31236,81094,31,15
29576,76056,42,22
28889,74829,42,16
29576,76320,43,21
30576,77895,42,24
31593,77981,37,31
29467,73324,38,30
28925,78614,36,15
31170,78587,37,18
29190,81580,45,29
31641,47637,36,22
29667,78467,43,20
35198,61800,30,22
35133,55175,31,11
29467,73324,38,30
30318,78154,34,20
30326,79868,44,15
31533,82266,42,14
30930,74724,37,21
35749,54857,16,9
31663,72834,45,17
31977,73986,34,18
31836,74415,39,17
31593,78376,45,20
29590,77946,37,47
30197,81581,38,41
31520,81036,44,17
30842,73398,37,27
35047,58887,33,11
30798,80751,44,20
31615,80090,39,13
31247,78524,43,27
29907,81147,37,20
29344,72703,34,16
30884,73037,39,36
35655,83882,45,22
30336,76442,35,42
29784,76724,35,14
29590,77873,40,39
34767,84354,47,24
29518,80275,41,49
30079,76245,36,16
32005,73269,44,18
30297,81309,39,16
29197,79573,35,37
29127,81723,40,20
32081,80268,46,23
32799,83965,46,27
29736,73833,44,24
31600,77721,32,26
32005,81027,34,15
29797,76426,43,14
31043,80466,30,51
31259,77579,44,13
30260,77036,41,39
30355,73428,38,11
28870,74349,41,20
30197,80655,44,23
30884,73037,39,36
29908,72850,42,25
29042,77626,35,17
29467,73203,42,23
31604,78376,40,23
31247,78527,37,24
29177,81010,38,43
32799,83965,44,27
29590,77946,44,37
30333,81705,43,15
31533,82266,41,14
31160,73944,36,17
30187,80499,42,19
32799,83965,46,27
31205,74818,41,6
30187,80498,43,19
34369,71241,41,16
31600,77524,46,33
29912,74841,40,20
29576,76198,43,29
29474,80895,44,24
30567,73499,35,41
29866,81526,36,11
31877,73179,27,17
29467,73328,35,34
29168,78301,43,36
29864,73165,35,15
31247,78342,43,22
29139,82152,44,14
34767,84354,49,24
29183,80291,43,18
30062,72828,37,31
34879,61007,26,11
29259,81243,45,24
29156,77018,39,15
31342,77921,35,31
34815,83962,41,23
31253,78039,43,42
31969,77336,46,19
49861,80216,41,20
32207,80416,42,23
31230,78518,38,21
30619,66280,35,13
29379,81511,41,19
51757,83827,27,5
30022,80411,42,25
31539,73476,42,22
31076,82304,43,16
30113,81419,42,23
29789,74149,43,23
31429,81505,42,21
29177,80882,45,23
31831,76731,36,41
29131,72953,37,12
32126,80204,36,37
35655,83882,44,22
35749,54857,15,9
30482,48559,22,8
33926,54915,30,9
30653,77344,36,35
30798,80752,42,20
31977,73927,40,18
31615,80090,37,13
29747,72805,43,22
31786,48357,30,9
29375,73530,42,18
32404,80944,43,25
31077,78189,40,23
29467,73203,41,23
31014,76619,39,23
34767,84354,47,24
31873,76983,43,15
30654,78061,43,39
30062,72827,36,31
28838,81796,41,20
29379,81191,47,30
31784,77007,39,21
31429,81485,42,14
30238,81445,35,23
29912,74842,40,20
31569,79894,36,41
31978,77196,35,10
31540,62062,31,2
29187,74389,38,28
32207,80339,44,28
31091,80848,46,28
34815,83962,42,23
34767,84354,48,24
30580,72940,39,25
31593,78192,45,32
29564,78344,43,22
31600,77525,46,33
34815,83962,41,23
29138,82060,39,13
29058,74140,43,16
31247,78524,43,27
29564,78344,43,22
29467,73089,36,16
31977,74259,46,25
64770,83933,39,19
29495,73015,40,11
52447,80249,43,16
32207,80416,41,23
30995,81955,34,12
32796,54732,22,7
30957,77323,31,19
28840,80710,46,22
30482,48558,23,8
30904,74497,46,35
29576,76320,44,21
29789,74149,42,23
31247,78493,43,26
29976,73882,28,38
29495,73200,41,22
29487,76245,42,31
31682,77197,35,23
29667,78467,43,20
31848,74202,38,17
30349,80447,34,20
32053,77842,44,21
35655,83882,44,22
31176,76890,34,32
31593,78219,32,25
29043,76440,39,23
51757,83826,25,5
29319,73750,38,15
31429,81505,44,21
29590,77780,40,36
30422,76998,39,21
31593,77955,41,22
28890,77354,40,14
29722,76485,35,11
29495,72810,41,26
29351,77428,37,23
34767,84354,47,24
31009,81996,41,21
29576,76463,45,27
31593,78219,33,24
28853,76567,38,10
31537,78053,45,25
29467,73089,33,16
29576,76388,38,28
31540,62062,31,2
29210,78188,39,18
29223,82464,40,10
32379,74155,44,17
31504,74055,41,31
30653,77344,37,35
31600,77616,38,34
29590,77874,39,39
31051,80008,42,22
29506,73661,46,17
29242,76743,31,20
29713,81489,35,17
32799,83965,46,27
32247,77627,43,28
31449,74473,37,32
31593,78285,35,42
30535,75127,42,19
32207,80339,43,28
31600,77721,33,26
31977,73987,46,15
29264,73633,38,29
29495,73077,41,25
31530,76558,40,19
31630,77515,40,16
30091,81870,43,16
30619,66279,35,13
30993,76987,40,16
29818,80684,38,37
30904,74319,41,22
31417,72973,40,29
29775,77367,41,22
32023,77850,38,15
31684,74455,39,21
29042,77626,36,17
30628,72871,37,39
30342,48784,28,12
30076,80620,40,14
31247,78493,42,26
31272,77762,43,14
29587,76552,37,15
32055,80690,44,45
32348,81094,40,17
29491,73578,44,20
29015,78091,43,20
29495,73077,40,25
32174,80375,38,34
29765,79925,41,20
29344,72704,34,16
30530,72890,44,19
29467,73328,34,34
29168,78301,42,36
29197,79422,46,29
32041,78642,41,12
29664,76613,38,13
29819,79865,37,23
32207,80529,38,29
50936,80283,43,14
29838,74547,37,38
53088,83619,35,21
31501,73723,35,31
29379,81210,35,28
29976,73882,29,38
29357,48995,34,14
29576,76463,43,27
30303,47894,24,9
30440,77207,38,19
29307,72525,41,13
34815,83963,42,23
31893,73938,41,25
32269,78151,31,13
31977,73927,40,18
29340,81166,46,18
30619,66279,35,13
50674,84199,28,4
29467,74477,33,27
30115,72513,34,19
29346,76246,47,21
29277,78060,38,22
30087,77840,37,16
29197,79610,46,33
47391,79941,38,16
29734,73122,38,13
29576,76027,46,27
35749,54857,17,9
28895,77596,48,19
29131,81120,44,21
47391,79941,37,16
28981,74585,47,22
28875,80397,47,37
29576,76198,45,29
29576,76463,44,27
31429,81688,45,11
29396,73117,36,15
29037,72756,40,14
29058,74140,42,16
29984,74754,38,17
29197,80045,46,40
29304,72858,38,21
29343,80577,45,23
29156,77018,40,15
31662,76269,44,22
30775,81729,37,40
30884,72901,34,11
31600,77112,46,24
30814,80268,37,16
28948,77728,46,17
29044,76319,38,20
30855,77004,40,25
30336,76442,35,42
48920,80016,36,16
30035,76915,39,15
31295,73506,38,14
30930,73363,42,20
28855,72999,34,28
29131,81120,44,21
32207,80528,40,25
29576,76388,40,28
31170,78587,37,18
29467,74477,33,27
28854,72640,39,12
29379,81210,35,28
31561,80454,33,34
29516,76948,32,30
29590,77866,39,44
30303,47893,25,9
31600,77363,45,32
28909,73853,38,19
31342,78093,41,13
29730,74015,43,21
29495,72810,43,26
35655,83882,44,22
31877,73179,26,17
35655,83882,45,22
32207,80351,43,22
32238,81779,43,11
31574,73487,39,16
30900,76189,40,41
29177,81010,38,43
31600,77525,45,33
31794,81478,41,20
29576,76056,37,19
30605,77051,40,16
29379,81210,34,28
32055,80690,45,45
30079,80411,42,21
31600,77524,44,33
30450,80196,43,20
29590,77920,37,43
29730,74015,44,21
28878,73476,39,25
31925,81033,42,14
32207,80351,44,22
28909,73853,36,19
28855,81084,37,21
29590,77779,39,36
29648,77090,44,32
32014,81752,38,20
29467,73089,34,16
32799,83964,45,27
29976,73881,28,38
29084,82071,38,13
30775,82017,39,30
31600,77617,37,34
30747,78144,35,24
29716,72594,42,24
31375,74324,38,16
31004,74178,44,14
30912,78173,42,14
30884,72530,36,28
35655,83881,43,22
32228,75119,32,15
31639,80517,29,38
64770,83933,38,19
28819,72947,39,19
33388,55605,31,14
30453,77565,32,35
32207,80412,46,26
52717,84004,38,18
29562,81160,39,51
30884,72719,32,35
29495,73077,41,25
30904,74319,40,22
31528,80892,37,38
30619,66280,35,13
29379,81211,35,28
31593,78285,36,42
32126,80204,35,37
32258,76722,41,15
31600,77363,45,32
29506,73661,43,17
28840,80789,33,46
30233,73715,41,15
29467,72958,41,25
28909,73853,34,19
32272,76733,35,8
30453,78207,37,40
29579,80299,47,25
30767,72870,38,21
35863,59080,29,12
29575,78002,43,20
35655,83881,45,22
52447,80250,43,16
29576,76319,43,21
31381,77665,43,26
29376,78946,41,17
30683,77587,41,38
29485,77129,43,40
31593,77954,43,27
31651,80631,43,24
30342,77065,41,19
30756,79883,39,15
29576,76198,44,29
35702,55278,21,9
32157,81338,39,21
29708,78008,43,19
35655,83882,44,22
29590,77628,40,43
29965,73464,44,22
31475,76719,30,39
30342,48785,29,12
31977,73819,39,19
29491,73578,46,20
48037,80045,40,20
32799,83964,45,27
31381,77665,43,26
30342,77065,41,19
32329,77832,41,14
31615,80090,39,13
29562,81463,42,45
30492,73052,41,16
30432,76904,36,41
29624,76462,38,41
32236,80843,40,17
28870,81439,44,35
35761,58801,29,11
31076,82305,44,16
31130,48242,31,11
32799,83965,45,27
32123,78545,38,17
30022,80411,43,24
29428,73500,44,15
31032,81928,39,37
29929,77626,43,19
32281,79966,42,20
31417,72972,41,29
31848,74203,41,17
29713,81489,34,17
31500,78137,39,17
29495,72756,44,22
29492,74420,40,20
29576,76056,41,22
30113,81418,42,23
29376,78946,42,17
31540,62062,31,2
30482,48558,21,8
29470,73656,45,34
31051,80009,42,22
30565,78142,40,16
30790,74388,37,15
29476,78476,44,16
31639,80516,29,38
29976,81637,43,20
29636,76312,40,10
31043,80348,36,38
30447,77762,30,6
29620,79754,38,25
30515,80325,38,50
28945,80238,34,9
29636,76313,41,10
30855,74137,42,34
30966,78095,36,20
32205,74187,41,15
30027,77248,35,45
31977,73986,48,15
31176,73024,45,17
31429,81688,44,11
30565,78142,39,16
34815,83963,42,23
31183,77780,39,20
29308,74729,35,34
29139,82153,45,14
30775,81704,40,40
30006,74695,41,37
30884,72530,38,28
34815,83962,42,23
30904,74374,36,21
32207,80382,40,23
31732,73226,48,20
31247,78342,45,22
31109,81207,48,25
30377,77443,48,20
32055,80691,45,45
30765,78471,27,8
31226,74706,31,13
31517,76830,41,21
31528,81005,40,43
29346,76246,47,21
32400,73339,34,28
29467,72970,34,36
31593,78219,32,25
31236,80972,38,39
29901,74962,39,15
32207,80339,43,28
35655,83881,43,22
31280,75322,37,13
31696,73726,36,12
32799,83965,46,27
29576,76057,36,19
30884,72719,32,35
30923,79813,45,22
30912,78173,39,14
30904,74319,41,22
29590,77629,39,43
29738,77441,41,17
29209,80530,37,22
33388,55606,33,14
30900,76190,39,41
34126,73265,24,16
29716,72930,38,33
34815,83962,40,23
30884,72685,38,28
31429,81666,50,27
31528,81005,40,43
29168,78300,43,36
30968,81338,40,19
29590,77920,36,43
31600,77720,33,26
30640,80119,46,23
29576,76057,39,19
30861,77427,35,19
31593,78425,38,34
35655,83882,44,22
31479,74620,39,25
31718,73602,38,43
30904,74517,39,16
32207,80529,36,29
29197,79423,45,29
31295,73506,39,15
31539,73476,38,22
29576,76320,41,21
31431,80217,37,40
32207,80529,39,29
31593,78285,36,42
32174,80374,37,34
32173,74188,44,22
30619,66280,36,13
30830,74035,36,21
34424,58875,36,15
32799,83965,45,27
30241,73087,38,14
31460,77742,42,19
30619,66280,35,13
30845,73277,34,20
32204,74684,41,16
32018,82079,42,9
30136,78209,37,20
30884,72529,38,28
31528,81005,38,43
31231,73609,40,16
31460,73402,40,16
32041,78642,37,12
31662,76269,43,22
30027,77242,39,45
29467,73426,41,28
30453,77565,32,35
33978,55613,26,11
28849,74577,39,12
29590,77920,37,43
30619,66280,36,13
29343,80577,45,23
30219,72673,37,38
30830,74036,36,21
34767,84354,49,24
30884,72779,36,20
31011,82065,32,17
30775,81750,40,23
29576,76057,43,22
31247,78341,45,22
29467,73203,41,23
29197,79610,47,33
29277,78060,38,22
30432,76912,34,40
30434,73697,39,21
29932,72777,46,27
31987,73373,38,19
29995,81814,38,13
32303,80969,34,18
29467,72958,41,25
31831,76732,35,41
30830,81119,31,43
30790,74388,38,15
29197,79423,45,29
31183,77781,39,20
32329,78121,36,17
31975,78370,42,21
31600,77310,39,31
31279,79814,39,20
28859,77997,39,33
29914,73202,50,25
29929,77943,35,47
29357,48994,35,14
31236,81094,31,15
29562,81159,36,51
50674,84200,29,4
31431,80239,38,9
30775,81919,40,39
34815,83962,42,23
29470,73657,45,34
31600,77310,38,31
28985,74052,43,20
29261,80385,44,18
29197,77597,32,38
31642,77266,34,14
29914,74842,44,14
35655,83881,44,22
31718,73601,38,43
31593,78369,45,20
32207,80412,44,26
31279,80046,37,19
31237,74764,47,16
34060,55329,34,11
33266,61775,37,26
31600,77310,39,31
31593,78432,39,34
31228,77370,41,17
28945,80238,35,9
30775,82017,38,30
29864,73165,35,15
29590,78038,41,26
29131,81120,46,21
29467,73329,35,34
29048,72579,39,22
29138,82059,40,13
29959,76368,39,18
30236,76454,36,32
30794,80333,40,10
29467,73324,39,30
32205,74187,42,15
31417,73251,36,35
49861,80216,42,20
31651,80631,44,24
32126,80203,36,37
31697,76261,34,14
29379,81512,42,19
30482,77653,36,49
30912,78135,34,38
29576,76198,43,29
30828,77209,44,30
63585,84072,36,13
31429,81487,43,27
30904,74277,41,24
29842,81273,41,12
34767,84353,48,24
29876,78533,34,15
32207,80416,42,23
30492,73053,40,16
30920,81365,41,24
35655,83882,45,22
30530,72891,44,19
31429,81487,43,27
30006,73414,39,15
31593,78218,31,25
31363,81529,44,20
34892,55121,26,11
29127,76067,38,26
29576,76056,40,19
29492,74420,41,20
30991,76540,44,19
29819,79864,37,23
31429,81486,40,27
30859,80891,40,10
31315,78187,33,49
29187,74174,35,20
32042,81564,40,35
30491,78421,42,22
32027,77574,34,14
29995,81814,37,13
30884,72719,32,35
29379,81511,43,29
31977,73986,47,15
30862,77861,43,16
29293,77407,42,13
30588,75789,38,22
30930,74733,35,39
29590,77873,40,39
29734,72974,36,30
30904,74518,43,16
32799,83965,45,27
29624,76462,39,41
29379,81190,46,30
31475,76718,30,39
29209,76717,40,25
28878,73476,41,25
29775,77367,40,22
31684,74455,39,21
31593,78284,36,42
31247,78149,35,13
29495,73014,41,11
29575,78002,42,20
29495,73192,37,22
31600,77617,38,34
32207,80381,42,23
29294,77038,43,20
31593,77981,36,31
30775,81729,36,40
35655,83882,43,22
29648,81167,34,27
31731,77289,43,25
31155,76472,40,13
29590,77629,40,43
31385,74771,31,12
34892,55121,26,11
30297,78023,35,30
29464,73249,38,17
31160,73944,34,17
28877,78375,37,13
32070,73843,37,9
31247,78524,44,27
31247,78486,43,17
30489,74491,36,35
32260,73283,37,14
30918,76983,39,23
30619,66280,35,13
31046,80840,36,14
29590,78118,37,34
30079,76245,37,16
30904,74319,39,22
30399,80472,46,22
29379,81574,45,24
29527,74312,37,18
29752,76181,31,12
29467,72958,41,25
31100,75281,40,28
29197,79423,45,29
30621,72532,35,45
29379,81512,43,29
30619,66279,34,13
31429,81486,40,24
30764,76097,42,13
29467,73329,35,34
29176,73023,43,30
31682,76979,32,44
30002,72443,46,36
32383,74121,42,19
31247,78149,36,13
30688,75105,44,23
30628,73039,32,40
35749,54857,16,9
31978,77196,33,10
34815,83962,42,23
30918,76984,41,23
34815,83962,42,23
32799,83965,46,27
31272,77762,39,14
63585,84072,34,13
29932,72777,47,27
30619,66280,35,13
29467,72958,41,25
29197,79573,36,37
50036,80269,38,16
31429,81688,45,11
30688,75105,46,23
29511,73075,37,18
30759,77870,42,22
31858,77515,40,11
34815,83963,40,23
31684,74456,37,21
28925,78614,36,15
30884,72685,38,28
29304,72858,36,21
30653,77352,41,30
30018,81252,44,18
31247,78486,43,17
30777,78310,43,20
30550,74550,31,12
29197,79768,39,36
29131,72562,41,27
28985,74053,45,20
35655,83882,45,22
29686,77508,43,17
30565,78142,43,16
29562,81160,37,51
32799,83964,46,27
31977,73986,34,18
32086,81138,43,20
30386,81544,37,21
30714,74485,39,16
31977,74259,46,25
29383,78219,43,15
30326,79993,31,45
32207,80351,41,22
32361,77465,39,40
31731,77289,41,25
31130,48241,29,11
30745,81667,44,15
30619,66280,36,13
32070,73843,37,9
31528,80892,37,38
30714,80789,44,19
30587,76256,41,28
29506,73660,44,17
32404,80945,41,25
31342,77921,33,31
28976,72818,40,18
29914,73203,48,25
29751,73314,41,25
30349,80447,34,20
29391,80355,36,21
28951,80082,45,15
31230,78518,40,21
29242,76743,33,20
30654,78060,41,39
31600,77363,45,32
31569,79893,33,41
30904,74497,44,35
31356,78019,40,16
31418,73557,42,17
31247,78149,34,13
53101,84395,37,19
31954,74023,42,19
34992,55438,36,10
30491,72335,37,25
34767,84354,47,24
29495,72756,44,22
30881,73729,40,25
28917,73616,44,18
30632,80443,40,23
30904,74276,40,24
30241,73087,39,14
29197,77602,31,38
30714,80570,37,37
31281,76760,32,8
32404,80945,42,25
32207,80412,45,26
31593,78092,40,33
31077,78189,40,23
30904,74320,41,22
31609,48614,25,9
29728,47867,36,6
29942,77340,34,46
32067,80467,47,18
29363,78062,38,49
31600,77600,34,35
35327,61952,39,21
30991,76841,31,16
29986,74519,38,20
30423,77752,42,17
31600,77304,43,39
30775,81918,39,39
30900,76301,34,35
31977,73819,39,19
31004,74178,43,14
30855,77005,41,25
28840,80789,35,46
31977,74260,40,22
32329,78121,36,17
29346,78390,44,30
32261,74164,47,26
30930,74732,36,39
32207,80529,38,29
30236,76455,35,32
29842,81273,40,12
30884,72901,35,11
31014,76619,40,23
30343,72902,47,25
31059,80982,39,32
29264,73820,33,17
29495,73077,42,25
33978,55613,26,11
31613,77176,42,18
29182,77418,44,27
29808,78064,39,26
29343,80426,38,38
31541,76368,41,15
30814,74044,44,19
31431,80217,35,40
28840,80789,34,46
50756,84217,43,20
29048,72579,38,22
31429,81487,42,27
29976,73881,28,38
30506,77067,42,36
30011,73796,37,18
31569,79876,36,15
29562,81160,39,51
30914,72514,43,17
30603,72645,42,19
29296,74241,35,18
29495,73200,40,22
30764,76097,42,13
29467,73114,29,26
30861,77426,35,19
31831,76494,42,19
47391,79941,39,16
31593,77954,43,22
32215,72470,36,14
29590,77780,41,36
29495,73014,41,11
29576,76388,40,28
29323,81250,43,49
31593,78433,38,34
29467,73427,43,28
31683,77364,38,22
30842,73399,36,27
29495,72825,44,21
31541,76367,40,15
32207,80352,45,22
31697,76261,32,14
31429,81486,39,24
29590,77779,40,36
32070,80288,32,44
29197,79960,41,31
29576,76027,46,27
28853,76566,39,10
30904,74518,43,16
30822,73124,43,17
31174,73816,41,22
34767,84354,47,24
30881,73729,42,25
48037,80046,39,20
31429,81625,43,21
31561,80386,45,22
34767,84354,49,24
29391,80355,34,21
31593,78093,39,33
30790,74388,37,15
30447,80707,46,13
31911,80334,40,10
33257,58688,32,16
31732,73232,45,20
28819,72947,39,19
29058,74141,45,16
28948,77728,48,17
28951,80083,43,15
30453,77594,36,45
30775,81704,38,39
30303,47894,25,9
29323,81250,43,49
31600,77600,35,35
32205,74187,40,15
29495,79985,41,22
29197,79959,44,31
34726,55023,24,6
29467,73324,36,30
33921,62443,41,26
31977,73927,45,18
31600,77720,33,26
31630,77516,42,16
29722,76485,34,11
30775,81945,30,24
31238,79696,41,17
31593,78218,33,25
29736,73833,45,24
30422,77240,37,40
30751,72731,37,14
30830,80973,42,22
32154,74848,33,10
30668,76720,36,8
32207,80416,40,23
30678,73740,45,25
30018,81361,40,45
30842,73399,36,27
31977,73987,49,15
31969,77336,45,19
31600,77721,33,26
29464,73258,37,17
30957,77323,30,19
31417,72973,41,29
29927,78388,37,27
31849,76544,37,18
29197,79959,42,31
29467,73324,38,30
29590,77639,38,46
30632,80442,41,23
31600,77600,36,35
28840,80711,46,22
31247,78486,45,17
29467,72970,33,36
30342,48785,29,12
33462,69186,38,14
31479,74283,36,37
30355,73427,37,11
32272,76734,34,8
30491,78421,42,22
29495,72756,46,22
31600,77720,32,26
31238,79695,42,17
30002,72442,45,36
32207,80529,38,29
30002,73396,42,21
31247,78486,44,17
31429,81484,43,14
31738,78370,40,17
32139,81417,38,15
31945,80887,35,11
29323,81250,42,49
32799,83965,45,27
31945,80887,36,11
29467,73203,39,23
30343,73269,34,35
30884,72565,40,26
28840,80790,35,46
30775,81581,37,32
31977,74261,41,22
31977,74261,41,22
29467,73426,40,28
31593,78092,40,33
30432,76912,36,40
30482,77653,37,49
31431,80217,36,40
31011,82065,32,17
30842,73314,36,30
31609,48614,24,9
30653,77345,37,35
31418,73618,39,29
34767,84353,48,24
31315,78188,35,49
35863,59081,30,12
30450,80196,42,20
31604,78375,41,23
32067,80467,45,18
31394,80368,38,20
32258,76662,38,33
30587,76256,38,28
30904,74518,44,16
31586,73144,37,37
29818,80684,38,37
29395,77601,39,15
29176,73023,43,30
29568,47834,35,16
29261,80385,44,18
28875,80110,42,26
29379,81574,45,24
32799,83965,46,27
29467,73089,34,16
34892,55120,27,11
31247,78527,37,24
29819,79864,37,23
29476,78476,41,16
29176,73023,44,30
29736,73833,45,24
30605,77051,40,16
31394,80367,40,20
30619,66280,36,13
29197,79610,45,33
29784,76723,34,14
31462,72918,40,27
32314,82410,42,22
30422,77241,37,40
30011,73795,34,18
30904,74319,41,22
32173,74184,42,37
29197,79610,46,33
30775,81919,39,39
30219,72673,36,38
32005,81027,34,15
35655,83882,43,22
34682,43913,10,1
30482,77369,45,22
30841,78187,44,14
31684,80939,41,12
31663,72835,44,17
31429,81484,42,14
31429,81486,39,24
29929,77943,38,47
34130,55280,34,15
31247,78528,36,24
29576,76056,42,19
31684,80938,40,12
31574,73487,39,16
31662,47852,32,21
29601,76573,37,34
31593,77870,36,25
28867,73854,38,27
34815,83963,42,23
29575,78003,42,20
30904,74517,41,16
34767,84354,47,24
32207,80352,42,22
29590,77639,39,46
30433,73871,42,34
30292,81130,43,19
29379,81512,41,19
32799,83965,46,27
31380,72651,42,16
30619,66280,34,13
29259,81243,46,24
28990,81019,35,52
30900,76281,37,52
29818,80837,38,18
31794,81478,42,20
31593,78093,40,33
31540,62061,31,2
34815,83962,42,23
29366,79819,44,31
29467,73089,36,16
29474,80895,44,24
30973,80066,50,25
30238,81445,35,23
31312,82331,35,13
31586,73623,32,13
30002,73395,44,21
32796,54733,21,7
30987,72468,35,24
30845,73267,36,20
30482,77369,45,22
30550,74551,31,12
31569,79893,35,41
32799,83964,46,27
30336,76441,34,42
29716,72587,41,24
32111,72369,34,39
30775,81750,41,23
30447,77762,33,6
28925,78614,37,15
32796,54733,22,7
30884,72565,41,26
29127,76066,39,26
30619,66280,35,13
30884,72779,36,20
31205,74817,39,6
29131,72563,42,27
29043,76440,39,23
31280,75322,37,13
31247,78493,41,26
29210,78187,39,18
30884,72686,39,28
31819,81869,39,18
30775,81704,40,40
30904,74320,40,22
28877,78375,34,13
29562,81464,41,45
32257,77017,41,21
35655,83881,43,22
29067,81376,36,46
29601,74328,45,19
29084,81262,36,31
30767,72870,38,21
32260,73431,40,28
64068,83890,29,11
29293,77407,41,13
34767,84354,49,24
31977,73927,41,18
30236,76455,35,32
29319,73749,37,15
31429,81666,48,27
30605,77051,40,16
30297,81309,40,16
30914,72514,43,17
31449,74486,33,36
31384,74793,33,23
29495,73014,42,11
31814,76371,43,15
32206,80671,38,22
29821,72546,31,10
31004,74178,42,14
30619,66280,35,13
29379,81191,46,30
31230,76371,31,14
29707,78462,47,20
31429,81688,44,11
29576,76388,40,28
29942,77339,33,46
28895,77595,46,19
31174,73816,41,22
30904,74276,41,24
31043,80466,29,51
34767,84354,48,24
63882,83628,36,12
30820,74624,37,15
31593,77870,36,25
30055,73585,36,21
32207,80416,43,23
29209,76716,41,25
30904,74433,37,25
31951,76698,45,19
29495,72810,41,26
28849,74577,40,12
31301,78308,46,18
35938,55027,25,12
30619,66280,35,13
31954,74023,41,19
29467,72981,39,24
29495,72825,46,21
33978,55613,27,11
53088,83619,36,21
64770,83933,39,19
30884,72779,36,20
29202,76413,37,15
30292,81129,43,19
30661,81088,36,32
34815,83962,42,23
30632,80442,40,22
32139,73621,39,14
31593,78284,37,42
30764,76096,42,13
29467,73115,29,26
31429,81688,43,11
29576,76462,43,27
35133,55175,34,11
31007,79675,41,19
30764,76097,41,13
30619,66280,36,13
29590,77628,41,43
30434,73698,40,21
47391,79941,37,16
31696,73726,35,12
34249,62027,33,17
30366,81867,37,46
30653,73955,33,15
30233,73715,42,15
31849,76456,38,27
31237,74763,46,16
32001,80857,40,22
29576,76319,43,21
29015,78092,42,20
31977,73819,39,19
31385,74771,30,12
30628,72871,37,39
32257,76701,39,34
31539,73475,41,22
31593,78191,44,32
32207,80352,43,22
29892,73103,42,27
31819,81869,41,18
35655,83881,45,22
29138,82059,38,13
31517,76831,43,22
29576,76026,44,27
31253,78039,41,42
29914,74842,44,14
30968,76370,43,29
31593,78192,44,32
47391,79940,37,16
31600,77303,43,39
33388,55605,32,14
32361,77465,39,40
29467,73089,37,16
34767,84354,47,24
31176,77136,45,19
29518,80795,38,20
31169,74311,43,23
29564,80431,38,11
30423,77752,42,17
29177,80882,44,23
31604,78376,39,23
30775,81704,38,40
29738,77441,39,17
29464,73248,39,17
31520,81036,43,17
29495,73200,40,22
30765,78471,27,8
31540,62073,31,2
32024,81538,33,27
31007,79675,42,19
31504,74055,41,31
30646,74707,35,15
32081,47607,27,15
34886,55061,28,14
30992,74720,44,21
31951,76699,44,19
29730,74015,45,21
30653,77344,37,35
30968,81339,41,19
35655,83881,44,22
31977,73819,40,19
48037,80046,40,20
31429,81666,50,27
30904,74433,37,25
29593,72343,29,15
31226,74706,32,13
29177,80882,44,23
31600,77111,45,24
29942,77345,43,36
31696,73727,37,12
31978,77196,35,10
31662,76269,42,22
30260,77069,44,16
30555,72749,39,15
29084,82070,38,13
50936,80283,43,14
32081,80268,45,23
30653,73955,34,15
32339,47477,25,12
31021,73287,40,19
29223,82464,40,10
29734,72974,38,30
52447,80250,44,16
29516,76948,33,30
31338,74027,36,40
62970,83650,37,14
32220,82545,38,23
29601,76574,38,34
29504,77286,40,22
32095,80397,41,11
31890,72756,39,22
34767,84354,47,24
31977,74260,47,25
30619,66280,34,13
31977,74261,42,22
29927,78566,41,21
35702,55279,21,9
30333,81705,44,15
31540,62073,31,2
31281,76761,31,8
30859,80892,39,10
29097,81314,42,22
30855,74322,41,41
31247,78149,32,13
31247,78493,42,26
30377,77442,49,20
32207,80417,39,23
29664,76614,39,13
31684,80938,41,12
32205,74188,40,15
31731,77289,42,25
30904,74276,41,24
29197,80044,44,40
31100,75281,41,28
29576,76027,43,27
31431,80217,35,40
30904,74518,41,16
31247,78494,42,26
30892,79847,33,16
35655,83882,44,22
30668,76720,36,8
31593,78285,36,42
30027,77631,31,48
31475,76524,44,19
30219,72729,42,35
35655,83881,43,22
30006,74695,40,37
32838,58588,33,8
29590,77947,36,47
31820,73549,37,15
31593,78433,39,34
29197,79768,38,36
32207,80528,41,25
30765,78471,25,8
29183,80291,44,18
29667,78467,44,20
34815,83962,41,23
30884,72530,37,28
32173,74188,43,22
31717,82493,44,17
31574,73487,41,16
29590,77779,40,36
30842,73313,37,30
32070,80287,33,44
30432,76904,37,41
31429,81688,45,11
30775,81588,38,32
62970,83650,38,14
29752,76181,31,12
30884,72802,38,31
31977,74259,46,25
29576,76388,40,28
29590,77946,37,47
32314,82397,40,22
31977,73986,48,15
31380,72651,42,16
29839,77170,46,16
28831,72738,40,20
32207,80381,42,23
29043,76441,39,23
32799,83965,47,27
29797,77403,41,21
30565,78142,39,16
31540,62073,31,2
34992,55439,36,10
32024,81350,45,24
31593,77982,38,31
64457,84203,36,11
29716,72931,38,33
29209,76716,38,25
30775,81945,31,24
30993,76987,40,16
35655,83882,43,22
29511,73075,37,18
29712,74872,37,17
30992,74721,43,21
30668,76720,37,8
31642,77266,34,14
31501,73718,36,31
30771,73055,36,12
32126,80135,51,20
32329,78122,37,17
30735,82420,44,17
31977,73986,33,18
35655,83882,44,22
30331,80899,40,9
30688,75106,46,23
29590,77866,40,44
34767,84354,49,24
32323,80545,43,23
31247,78342,43,22
31280,75323,37,13
29590,77946,37,47
28996,76357,44,17
29495,72756,44,22
29587,76553,36,15
29593,72343,30,15
30855,77005,41,25
32257,76700,40,34
29892,73103,42,27
30485,80302,38,15
29495,73014,40,11
29797,76426,43,14
31733,74011,32,15
31205,74817,41,6
30236,76601,41,19
30297,81309,39,16
30423,77753,42,17
35655,83882,43,22
31600,77601,34,35
31593,77981,36,31
30904,74496,43,35
29590,77873,38,39
29590,77639,39,46
29866,81527,36,11
31021,73287,41,19
31448,73798,37,10
29197,79573,37,37
30653,77352,40,30
31561,80454,32,34
29648,77090,42,32
32269,78152,31,13
31600,77299,42,39
29784,76724,34,14
30640,81624,34,13
29363,78157,48,34
28933,81222,40,19
30523,72997,41,22
31858,77514,41,11
32035,81050,43,21
30884,73037,38,36
32207,80340,42,28
34815,83962,43,23
29067,81375,37,46
31500,78137,36,17
31385,74772,31,12
30775,81918,39,39
30751,72731,36,14
32258,76721,40,15
29850,80611,34,12
29914,74842,42,14
31170,78587,36,18
50756,84217,42,20
31561,80455,32,34
31586,73144,38,37
31849,76544,36,18
32207,80528,41,25
63882,83628,37,12
30925,73224,36,20
31429,81487,42,27
30535,75127,42,19
32005,76858,41,18
31429,81505,42,21
31593,78377,44,20
30930,73363,42,20
29127,81722,40,20
28855,81084,37,21
29821,72546,35,10
30482,48558,22,8
30260,77036,42,39
31332,80941,41,16
29495,72824,45,21
29717,73268,42,20
30653,77352,39,30
31600,77309,38,31
31977,73986,35,18
32799,83964,46,27
29242,76743,32,20
30794,80334,40,10
32207,80528,41,25
31814,76370,45,15
31540,62062,31,2
29622,79662,37,16
30904,74276,43,24
31849,76543,37,18
29097,81083,40,48
30087,77841,39,16
29984,74509,35,34
29726,72719,35,35
29167,77353,48,18
29712,74872,36,17
32258,76721,42,15
29576,76057,42,22
29511,73075,37,18
31315,78449,33,37
30497,76655,45,25
32281,79965,43,20
30904,74497,42,35
30668,76720,36,8
32258,76721,41,15
32236,80843,42,17
30775,82024,39,40
31682,76980,31,44
29708,80818,47,38
29351,77428,36,23
30914,72514,42,17
32207,80416,43,23
30794,80333,38,10
29197,77277,47,27
34424,58874,36,15
31600,77363,45,32
31590,76673,44,28
29590,78039,41,26
29495,72756,45,22
28855,81083,38,21
29622,79663,37,16
30619,66280,34,13
52447,80250,44,16
31342,78092,42,13
31593,78092,39,33
29131,72953,38,12
29576,76056,42,22
30491,78421,41,22
30136,78326,40,35
32207,80339,42,28
32082,74824,38,18
32206,80671,38,22
31977,74260,45,25
31097,47909,31,22
31449,74540,35,36
31977,74260,41,22
31449,74473,36,32
29708,80818,47,38
30522,72899,33,26
32173,74183,41,37
31593,77870,36,25
31586,73144,38,37
29340,81165,45,18
30640,81625,35,13
30197,81580,38,41
30580,72712,37,40
33388,55606,32,14
29310,78485,35,17
28875,80398,44,37
29621,74630,40,16
29029,81290,36,13
32070,80328,32,47
31418,73618,40,29
32098,81198,39,55
31975,77695,31,15
52447,80249,43,16
29015,78091,41,20
32207,80351,41,22
31639,80480,39,14
32404,80945,41,25
32154,74849,33,10
34767,84354,46,24
31977,74259,47,25
29596,73549,44,18
32207,80381,42,23
30830,74036,37,21
29197,79574,35,37
30841,78187,43,14
32098,80259,37,35
30016,77540,40,17
31977,73819,40,19
31977,74261,42,22
29870,81217,41,13
31873,76982,42,15
32258,76661,40,33
32088,77436,36,15
30933,78165,39,19
29197,80044,44,40
29379,81574,45,24
29590,77873,40,39
31593,77869,36,25
30588,75789,39,22
31176,77136,47,19
31977,73819,40,19
63882,83628,36,12
31236,80971,39,39
29197,79423,46,29
29211,76574,44,22
29383,78218,43,15
49861,80216,44,20
29516,76949,32,30
28865,47685,32,15
35877,55752,29,13
29576,76197,44,29
30904,74496,45,35
30904,74276,41,24
29346,76246,46,21
33926,54915,30,9
30884,48720,34,20
29667,78467,43,20
29357,48995,35,14
29467,72971,34,36
31077,78188,40,23
31696,73727,34,12
30933,78165,39,19
29749,77502,44,16
30628,72908,36,29
51757,83826,26,5
29163,78106,35,37
29375,73530,44,18
29379,81511,42,19
31724,77155,38,15
29734,72974,37,30
32123,78545,39,17
31683,77363,38,22
29716,72930,38,33
30260,77036,41,39
30628,73039,32,40
29986,74601,37,17
31600,77720,33,26
32154,74848,38,10
32139,81417,40,15
32090,76759,45,18
31937,73878,38,14
29622,79662,36,16
31600,77617,40,34
30930,73363,42,20
29590,77946,36,47
29168,78301,42,36
29958,76692,47,21
30016,77540,40,17
35047,58888,34,11
31429,81486,41,27
62210,83924,24,8
29751,73314,42,25
30777,78311,41,20
31784,79751,43,23
31231,73610,41,16
35761,58801,29,11
31429,81485,40,14
29581,77172,42,24
29495,72810,41,26
30775,81945,31,24
29738,77440,39,17
29197,79959,42,31
29467,73115,29,26
32005,76858,42,18
29379,81511,42,19
30140,80502,43,17
35749,54856,16,9
34767,84354,48,24
30653,77345,36,35
29765,79925,42,20
28973,81937,38,45
29346,78390,42,30
31593,78192,43,32
29379,81512,42,19
29495,72825,45,21
29590,77638,38,46
31600,77617,40,34
29576,76056,36,19
29596,73548,45,18
64457,84203,36,11
31429,81505,42,21
29363,78062,38,49
30904,74373,36,21
31621,81553,43,23
29182,77418,45,27
29346,78391,42,30
29097,81314,40,22
31890,72756,40,22
31977,74261,42,22
34815,83962,41,23
29576,76056,38,19
29318,47321,38,14
32282,80655,35,38
30895,47334,16,1
32329,78121,37,17
28875,80111,41,26
32082,74824,42,18
30775,82017,38,30
31077,78198,39,23
31394,80368,38,20
32207,80528,41,25
34060,55329,34,11
34767,84353,47,24
35635,61788,35,28
30621,72559,37,35
31733,74010,33,15
31977,74259,45,25
30022,80411,41,25
30037,77769,37,22
63585,84071,35,13
29467,74477,33,27
29876,78533,36,15
31338,74175,31,40
31247,78528,38,24
30884,72900,35,11
29516,77127,37,10
30646,74706,36,15
31530,76557,40,19
50036,80270,36,16
28996,76358,44,17
32799,83965,44,27
31429,81486,38,24
31593,77954,41,22
30775,81919,38,39
35863,59080,31,12
30884,72530,37,28
31130,48241,31,11
58296,78791,12,2
29749,77502,42,16
29927,78389,38,27
30775,81730,36,40
31315,78449,35,37
29713,81489,35,17
29590,77920,38,43
29751,73314,43,25
31663,72834,44,17
31253,78131,42,12
30912,78165,41,14
31848,74202,40,17
32098,80259,38,35
29467,72971,33,36
29707,78462,47,20
30082,47594,30,14
31586,73145,39,37
31586,73144,38,37
29601,74118,46,29
30995,81955,31,12
29576,76027,46,27
35655,83882,45,22
31849,76456,40,27
29197,79959,41,31
34726,55023,27,6
30087,77841,38,16
29060,77547,41,23
30136,78209,36,20
32799,83965,46,27
30238,81445,34,23
35749,54856,17,9
29295,73202,43,23
53533,83925,34,22
29467,73203,39,23
30461,73268,39,18
35655,83882,45,22
31130,48242,32,11
30614,80856,39,21
29029,81290,40,13
31247,78485,43,17
31820,73549,37,15
29818,80836,40,18
29912,74842,39,20
29379,81574,44,24
29183,80292,44,18
30714,80788,43,19
30987,72468,34,24
30482,77652,37,49
29581,77172,40,24
32799,83965,46,27
32799,83965,45,27
29648,81167,36,27
31448,73798,37,10
29223,82464,38,10
31977,73819,39,19
34767,84354,48,24
29527,74312,37,18
53533,83924,36,22
29037,72756,40,14
31380,72651,41,16
31429,81625,43,21
30923,79879,39,37
30037,77770,37,22
31682,77197,34,23
29464,73248,38,17
32207,80412,45,26
30236,76600,43,19
32260,73283,38,14
29197,80044,45,40
31012,73018,37,18
31448,73798,36,10
29601,76573,37,34
32872,62420,38,21
62210,83925,24,8
29060,81517,41,22
32053,77841,43,21
31877,73179,28,17
31613,77177,43,18
30920,81364,39,24
29562,81468,41,45
29751,80493,41,30
30747,78144,38,24
31528,80845,37,61
31600,77601,36,35
32207,80339,45,28
30565,78142,41,16
30884,73037,39,36
32024,81539,33,27
29912,74842,41,20
30832,81562,46,8
32799,83964,46,27
30492,73053,40,16
31593,78219,32,25
31987,73374,38,19
30892,79848,34,16
29156,77018,39,15
52619,83441,41,25
58296,80940,19,2
31237,74763,47,16
29197,79768,38,36
30587,76594,37,17
30904,74434,36,25
48037,80045,38,20
30018,81361,41,45
29277,78059,37,22
29467,72958,41,25
31600,77304,43,39
32799,83965,45,27
31593,77955,40,22
32220,82545,38,23
34767,84354,49,24
31531,80874,42,10
31236,80972,41,39
32139,73620,38,14
29590,77947,36,47
30342,48785,30,12
34424,58875,39,15
32123,78533,39,17
31786,48357,30,9
32127,77834,44,24
35655,83881,44,22
30006,73414,40,15
31975,77696,32,15
30758,72952,37,37
32023,77850,37,15
31975,78369,40,21
32207,80411,46,26
32253,80282,38,17
31272,77762,42,14
31531,80875,42,10
30535,75127,43,19
31541,76368,41,15
32014,81752,38,20
32027,77573,35,14
29649,73834,42,16
30058,77146,41,17
30535,75127,42,19
29138,81854,34,27
30619,66280,34,13
29467,72981,38,24
31420,81298,36,45
29187,74173,35,20
31238,79696,40,17
29495,73014,38,11
29467,72981,37,24
30987,72468,34,24
29004,77710,43,19
30292,81129,42,19
29495,72756,47,22
47391,79941,39,16
31600,77112,45,24
30652,76380,36,23
34815,83962,41,23
29295,73203,42,23
32733,58363,37,17
30619,66280,35,13
32258,76296,37,23
31684,74456,36,21
29131,81120,45,21
31786,48347,30,9
32391,73808,41,15
29067,81136,37,55
30756,79882,39,15
29808,78064,38,26
31396,76964,42,17
31247,78485,42,17
31114,76897,35,16
30646,74707,37,15
31247,78528,37,24
30619,66280,34,13
30140,80264,37,35
31009,81997,40,21
30433,73872,43,34
29590,78118,37,34
29495,73014,39,11
29467,73115,29,26
31429,81505,43,21
30904,74373,37,21
31179,74552,37,18
29708,78009,43,19
34060,55329,34,11
29712,74872,35,17
30781,81214,38,18
34060,55329,35,11
30366,81889,40,17
29495,73200,40,22
29004,77711,43,19
34815,83962,42,23
30238,81446,37,23
29249,81579,42,22
28854,72639,37,12
35749,54857,15,9
30775,81588,36,32
30930,74733,35,39
31831,76731,36,41
29183,80292,43,18
30324,76376,37,15
32799,83965,45,27
29197,79959,43,31
29495,72811,43,26
28853,76566,42,10
31429,81484,42,14
29726,72718,35,35
29474,80895,45,24
28870,81439,42,35
31724,77155,36,15
31253,78131,41,12
29576,76389,39,28
32091,81271,35,16
29323,81438,47,25
29958,76256,36,38
32207,80528,42,25
34992,55439,35,10
32081,80269,45,23
31429,81624,43,21
28878,73476,41,25
34880,61007,27,11
31247,78485,44,17
30653,73955,34,15
31247,78527,36,24
31738,78370,41,17
32042,81600,42,20
32139,81416,38,15
31479,74284,37,37
28981,74584,45,22
32260,73431,40,28
30775,81919,38,39
29087,79848,49,22
29590,77946,43,37
35938,55027,28,12
30845,72774,40,17
30904,74373,36,21
34815,83963,41,23
29467,73115,30,26
30491,78421,43,22
29942,77331,36,47
31479,74619,43,25
35509,59085,32,7
30062,72828,37,31
32123,78533,39,17
29223,82463,40,10
31268,80484,42,17
29467,73324,37,30
31356,78020,40,16
30343,73268,33,35
47391,79940,37,16
29495,73201,41,22
64457,84203,37,11
30904,74276,42,24
31475,76525,43,19
49861,80216,41,20
32799,83965,46,27
31396,76890,37,22
29958,76256,37,38
29379,81511,44,29
30136,78326,40,35
29976,73882,28,38
29495,72810,42,26
30646,74706,36,15
29958,76257,39,38
29366,79819,41,31
30652,76380,37,22
31977,73986,33,18
29197,80045,42,40
33926,54915,30,9
29932,72778,47,27
30453,78207,37,40
30489,74707,41,12
32127,77523,39,37
30822,73125,44,17
32228,75118,32,15
31176,73023,44,17
31651,80630,42,24
30058,77146,40,17
31710,72874,38,16
30654,78061,43,39
30683,77702,44,18
31593,78192,43,32
32207,80528,35,29
30432,76912,35,40
31615,80090,39,13
30016,77540,42,17
31875,80356,42,21
52619,83442,41,25
31977,73986,34,18
32173,74184,41,37
30745,81666,43,15
29340,81166,45,18
32207,80381,41,23
29850,80983,37,51
29610,78069,37,19
28889,74828,42,16
34767,84354,48,24
35655,83881,44,22
30756,79882,39,15
30830,81119,31,43
31593,78219,33,25
30771,73055,37,12
30506,77067,41,36
32323,80544,44,23
30076,80621,40,14
31043,79993,36,45
30472,82045,43,28
32207,80412,45,26
31247,78342,44,22
29325,78041,44,25
31059,80982,43,32
64457,84202,37,11
30555,72748,40,15
31859,76624,41,12
32113,80798,37,1
32343,81850,39,17
29590,77946,36,47
50936,80283,43,14
30798,80752,43,20
30646,74706,36,15
30422,76998,40,21
29467,73203,39,23
29202,76413,37,15
31615,80090,37,13
32126,80136,49,20
29976,81092,43,40
29467,73427,40,28
29474,80894,44,24
29127,81723,41,20
31911,80334,43,10
32400,73338,33,28
31420,81468,39,26
29613,81862,43,23
35761,58801,30,11
30497,76655,45,25
32400,73339,33,28
34815,83962,42,23
31590,76672,45,28
30969,80120,43,19
30775,81945,34,24
28875,80110,44,26
31831,76725,35,41
31429,81486,42,27
29467,72982,38,24
29506,73661,44,17
29205,79953,37,16
30714,74485,38,16
29942,77332,36,46
32207,80416,44,23
29264,73634,36,29
30447,80707,44,13
31600,77363,46,32
32207,80528,41,25
32366,81447,42,45
29576,76388,38,28
31479,74284,37,37
29202,74196,38,26
31280,75322,37,13
31384,74793,34,23
30714,80788,42,19
34767,84354,48,24
30949,79832,41,17
32799,83965,46,27
30884,72901,35,11
31431,80240,37,9
29467,73089,38,16
30904,74320,40,22
32215,72470,36,14
33388,55605,32,14
30640,81625,34,13
32070,80282,34,44
30884,72530,39,28
32091,81271,34,16
28917,73616,43,18
29576,76388,39,28
32260,73284,40,14
30661,81291,37,14
35761,58800,30,11
32098,81198,40,55
34815,83962,43,23
31600,77111,44,24
52619,83442,43,25
32207,80412,45,26
31724,77155,39,15
30515,80325,35,50
29197,79768,40,36
48920,80017,37,16
30550,74551,31,12
31977,74261,42,22
32111,72369,36,39
30260,77068,45,16
29593,72496,35,42
53101,84394,37,19
30930,73362,40,20
29176,73022,43,30
29800,77925,37,17
31417,73251,36,35
31268,80484,44,17
31697,76261,34,14
35133,55175,32,11
29927,78389,37,27
64770,83933,37,19
32799,83965,46,27
35863,59080,30,12
32257,76700,39,34
30907,76097,44,20
28840,80789,35,46
30820,74624,37,15
29667,78468,42,20
30683,77586,41,38
29379,81511,41,19
31247,78528,38,24
30845,73276,34,20
50936,80283,43,14
30904,74277,40,24
31662,75956,39,34
34726,55023,25,6
32799,83965,47,27
29491,73566,44,20
30916,78135,41,22
30433,73872,43,34
30515,80325,35,50
29986,74518,38,20
28859,77857,41,21
31969,77335,46,19
29395,77601,39,15
31448,73799,37,10
32090,76758,43,18
29310,78485,34,17
29984,74510,34,34
31247,78528,37,24
32383,74121,42,19
32257,76701,39,34
31234,73427,44,10
35655,83882,44,22
31247,78342,44,22
32366,81446,41,45
31384,74589,34,18
32258,76661,39,33
31862,74024,41,20
32838,58587,34,8
31032,81927,38,37
30482,77369,46,22
31593,78369,45,20
31238,79695,40,17
29816,47666,31,13
29187,74383,36,28
30884,72565,42,26
29624,76462,39,41
30859,80891,40,10
30497,76655,46,25
30343,73268,34,35
31429,81484,41,14
29819,79865,37,23
31460,77742,38,19
30603,72645,40,19
30333,81705,46,15
49861,80216,41,20
29058,74140,43,16
32041,78642,36,12
29379,81191,48,30
35655,83882,43,22
30187,80498,43,19
31682,77197,35,23
32379,74156,42,17
29527,74313,38,18
29576,76057,40,22
30814,74044,44,19
29590,77920,36,43
31848,74202,40,17
30434,73697,39,21
31977,73926,40,18
31429,81667,49,27
29716,72594,41,24
30523,72997,40,22
30884,72718,32,35
29751,80492,42,30
30277,73938,42,17
29576,76027,44,27
28951,80082,44,15
31501,73931,36,37
29717,73268,43,20
29379,81210,35,28
30991,76540,41,19
35745,62309,35,22
30912,78135,34,38
30576,77896,41,24
30635,47801,35,18
29734,72974,35,30
29379,81511,46,29
30991,76840,31,16
29379,81574,43,24
29730,74015,44,21
31429,81688,43,11
32334,76281,40,21
30904,74517,45,16
30491,72335,36,25
32098,81198,43,55
32111,72369,37,39
50936,80283,44,14
29747,72805,42,22
34815,83963,42,23
32157,81338,39,21
30377,77442,49,20
31312,82331,36,13
31011,82065,32,17
31925,81034,42,14
31593,77955,44,27
31429,81625,43,21
30640,80119,45,23
30140,80264,38,35
32207,80352,42,22
32261,74164,45,26
31429,81486,39,24
32123,78533,37,17
30832,81562,39,8
32228,75119,33,15
31710,72874,39,16
29029,81290,40,13
32253,80283,39,17
31600,77303,42,39
29304,72858,36,21
29495,73200,41,22
29495,72811,41,26
29376,78946,41,17
29842,81273,41,12
30775,82017,39,30
29138,81854,33,27
31475,76524,44,19
34767,84353,48,24
34799,62032,40,28
32207,80340,43,28
31954,74023,42,19
31462,72868,33,32
31814,76371,44,15
31528,80845,37,61
29197,79609,46,33
31819,81869,41,18
32091,81271,34,16
28895,77595,47,19
28831,72737,38,20
30838,73878,43,17
29495,72825,43,21
31247,78149,33,13
35655,83881,43,22
30318,78155,33,20
29048,72579,40,22
53533,83925,35,22
31593,77954,42,27
30297,78022,36,30
31231,73610,40,16
31533,82266,39,14
30002,73396,44,21
62970,83651,39,14
29197,79573,36,37
28990,81019,35,52
32356,48000,23,12
31738,78369,39,17
30614,80855,39,21
31684,80938,42,12
30652,76381,36,23
29590,77866,38,44
29366,79819,42,31
31431,80240,37,9
32329,78121,36,17
34060,55329,34,11
33257,58689,32,16
32173,74183,41,37
31479,74283,37,37
31247,78342,43,22
30318,78155,33,20
34815,83962,41,23
31247,78493,42,26
31971,74622,41,16
29624,76348,44,24
31130,48241,33,11
31394,80368,39,20
29308,74612,39,11
32207,80351,44,22
30838,73795,39,21
30777,78311,41,20
30144,80852,44,21
31945,80887,35,11
29870,81217,40,13
31301,78308,47,18
29613,81863,45,23
33978,55612,27,11
31247,78524,44,27
31396,76963,42,17
30916,78136,43,22
29467,73328,35,34
31593,77954,43,27
31205,74817,40,6
30841,78186,45,14
29495,72811,44,26
29516,77128,35,10
29576,76197,44,29
31977,73926,40,18
28990,81019,37,52
34886,55062,28,14
29596,73549,45,18
32067,80467,47,18
31569,79894,37,41
30832,81561,39,8
31537,78052,44,25
28889,74828,42,16
29593,72343,29,15
29986,74600,36,17
30355,73427,37,10
31240,76263,30,1
29648,81167,38,27
32070,80288,34,44
31987,73374,39,19
29590,78118,37,34
30430,80163,40,21
31517,76830,41,22
29467,72971,35,36
31285,47346,36,13
31639,80480,37,14
29601,76573,38,34
30523,72997,41,22
31586,73622,34,13
31279,80045,37,19
32206,80671,37,22
35655,83881,44,22
31820,73549,38,15
30832,81562,43,8
29576,76056,43,22
29842,81273,39,12
29958,76257,36,38
31231,73609,40,16
29163,78193,41,23
30233,73715,38,15
30775,81588,36,32
30062,72827,37,31
53101,84395,35,19
35047,58888,35,11
30969,80120,45,19
30923,79880,41,37
31169,74312,42,23
31593,77869,36,25
31114,77019,37,41
30140,80501,41,17
35863,59081,30,12
30619,66280,35,13
30447,77762,30,6
31574,73487,39,16
30453,77595,35,45
31520,81035,41,17
30035,76922,41,15
31600,77601,34,35
29395,77600,38,15
30904,74433,37,25
32733,58363,35,17
30758,72953,36,37
30260,77069,44,16
30342,48785,28,12
30482,77652,37,49
31978,77196,33,10
32391,73808,42,15
29590,77866,39,44
31600,77112,46,24
32184,80297,42,23
30747,78144,36,24
31738,78369,42,17
53088,83618,35,21
34767,84353,47,24
31043,80466,30,51
29797,76425,42,14
29485,77130,43,40
29590,78038,40,26
29167,77353,45,18
30781,81213,39,18
29495,79985,41,22
29747,72805,42,22
34130,55281,35,15
30966,78094,37,20
30775,81945,33,24
28981,74584,47,22
30018,81361,40,45
30430,80163,40,21
30342,77064,40,19
30957,77323,34,19
31683,77364,40,22
30775,81750,40,23
31849,76456,39,27
30136,78326,40,35
29892,47829,26,16
29492,74407,38,20
31253,78039,41,42
30006,74696,41,37
29379,81574,45,24
31593,77954,45,27
62210,83924,23,8
29060,81517,42,22
32225,73247,38,12
31429,81505,42,21
32182,73052,38,26
30904,74497,43,35
31247,78523,43,27
29576,76320,43,21
29838,74547,39,38
31621,81554,42,23
30399,80472,46,22
51757,83826,26,5
30432,76904,36,41
32024,81539,33,27
31724,77197,35,19
31236,80972,39,39
31473,76336,37,28
30423,77752,41,17
32343,81849,39,17
29707,78461,48,20
30144,80853,45,21
30884,72529,37,28
28867,73853,38,27
29467,73426,40,28
30018,81360,39,45
30023,78415,38,16
30002,72442,47,36
31831,76494,42,19
32081,80268,45,23
29590,77779,41,36
30758,73350,41,19
29601,74117,47,29
29575,78002,43,20
32314,82409,41,22
31114,77019,35,41
31600,77720,32,26
31784,79750,43,23
29495,72757,46,22
29590,77639,36,46
30386,81543,35,21
29304,72861,40,18
30679,77536,34,1
29073,81725,35,12
32799,83965,47,27
31925,81034,42,14
30018,81361,39,45
30845,73277,35,20
29576,76463,45,27
29564,78345,43,22
32207,80382,41,23
28981,74584,46,22
29168,78301,42,36
29467,72971,34,36
30775,81945,32,24
31236,81094,31,15
30257,78252,39,20
31429,81688,44,11
28859,77997,36,33
32207,80528,37,29
32343,81849,39,17
30842,73923,37,36
29067,81136,35,55
29379,81574,45,24
30845,72774,39,17
29467,74476,34,27
32035,81051,44,21
32314,82410,40,22
28855,72853,45,17
30884,72901,35,11
31684,80939,38,12
31977,73986,47,15
51757,83827,27,5
32207,80412,45,26
31272,77762,41,14
30621,72531,35,45
30219,72673,37,38
29610,78069,39,19
33978,55613,26,11
30923,79880,41,37
29379,81511,45,29
31624,81035,44,22
31084,81466,37,20
32086,81137,44,20
29211,76573,44,22
33257,58688,32,16
29717,73268,43,20
29965,73464,46,22
30423,77752,42,17
30881,73729,39,25
35938,55027,25,12
29716,77964,45,18
29601,74328,42,19
32081,80268,45,23
31429,81486,39,24
29197,79960,42,31
31363,81529,45,20
30914,72515,42,17
31977,74261,40,22
31449,74485,34,36
30907,76096,43,20
30628,72870,38,39
30995,81956,32,12
29579,79889,34,35
30002,73395,44,21
35509,59086,30,7
29325,78041,42,25
31975,78370,40,21
32098,81198,42,55
29308,74613,40,11
30884,72901,35,11
30775,81750,42,23
32258,76662,41,33
32207,80529,38,29
32142,74705,37,17
30830,80974,42,22
29379,81191,48,30
29197,79573,34,37
30605,77050,39,16
30694,47615,33,11
32207,80381,42,23
30771,73055,37,12
30884,72901,33,11
32366,81447,43,45
34767,84354,49,24
29808,78065,39,26
31724,77155,36,15
32023,77850,37,15
30343,72901,49,25
30714,74485,39,16
31593,78377,45,20
29467,72982,39,24
29722,76485,35,11
30842,73313,37,30
29601,76454,39,15
31723,48759,33,19
29716,72931,38,33
31600,77310,39,31
31590,76672,44,28
31593,77981,37,31
29495,73200,40,22
31012,73018,38,18
30968,81338,39,19
31639,80516,28,38
30775,81581,37,32
30775,81729,37,40
29304,72857,37,21
30661,81089,36,32
30619,66280,35,13
30904,74433,38,25
30775,81704,38,40
31892,79855,40,20
31971,74622,40,16
31155,76472,39,13
30775,81919,39,39
31230,76372,32,14
30027,77241,39,45
29942,77339,35,46
32018,82078,41,9
30555,78543,44,23
30881,73729,39,25
29396,73118,38,15
29379,81511,42,29
32145,47694,33,18
29495,72825,42,21
31586,73622,34,13
30884,72685,38,28
32799,83965,46,27
31784,79751,43,23
32086,81137,44,20
29015,78092,40,20
29797,77403,45,21
30884,72685,38,28
31541,76367,40,15
29492,74420,39,20
31977,74259,47,25
30219,72672,35,38
32257,77017,37,21
29467,73426,41,28
30453,78207,38,40
32207,80352,43,22
32753,44203,20,1
30830,74036,36,21
32207,80340,42,28
29296,74242,36,18
31268,81124,37,18
32090,76344,47,36
30661,81095,36,32
32383,74122,42,19
29492,74420,41,20
29307,72525,40,13
31043,79993,35,45
29379,81191,46,30
30904,74518,42,16
30555,78543,47,23
29576,76319,43,21
29467,73329,34,34
35728,61802,37,29
30930,74732,35,39
31429,81486,41,27
31315,78303,34,52
28816,72711,40,27
32139,81416,39,15
31593,77954,44,27
29976,81638,42,20
30884,72779,37,20
29929,77943,37,47
31375,74325,37,16
29249,81579,43,22
29467,72981,38,24
29590,77920,37,43
31315,78449,34,37
30497,76655,45,25
31183,77781,39,20
30884,72802,39,31
30355,73428,37,11
32042,81565,40,35
58296,80940,19,2
32253,80282,37,17
29590,78118,36,34
30619,66280,35,13
30912,78135,34,38
29749,77503,43,16
31877,73179,27,17
31109,81208,47,25
29576,76388,40,28
31977,73987,49,15
29621,74629,42,16
29366,79819,41,31
30859,80891,40,10
52717,84004,38,18
31593,78424,39,34
32334,76281,41,21
30619,66280,33,13
29343,80426,37,38
30006,74695,41,37
29197,79573,34,37
32261,74164,47,26
33257,58689,32,16
29483,80280,36,45
30904,74517,39,16
30349,80447,34,20
31332,80941,39,16
31718,73901,42,22
30654,78060,43,39
29590,77873,40,39
30904,74373,37,21
29467,73329,34,34
34610,62229,35,26
29483,80389,39,17
29576,76319,45,21
30055,73585,37,21
31247,78524,43,27
29504,77287,39,22
32182,73052,40,26
29590,77629,39,43
31624,81034,44,22
30993,76987,39,16
29470,73656,46,34
31247,78149,34,13
29304,72857,35,21
29379,81190,47,30
31541,76367,40,15
30923,79813,46,22
31043,80348,35,38
30197,80655,43,23
32995,61986,40,29
30775,81730,37,40
30079,80412,40,21
50936,80283,44,14
34615,62321,35,27
30619,66279,36,13
29734,73122,37,13
29379,81511,43,29
32282,80655,35,38
31593,77955,42,22
34815,83962,42,23
32261,74164,46,26
29590,78038,42,26
31639,80480,38,14
30933,78164,40,19
29467,74477,34,27
29042,77625,35,17
35509,59085,33,7
32209,47756,22,1
30884,72803,36,31
29716,77964,42,18
29965,73463,45,22
29590,77865,39,44
30904,74497,44,35
31593,78092,40,33
31500,78137,39,17
31429,81486,42,27
30993,76986,40,16
34767,84354,48,24
31593,77954,41,22
30884,72779,37,20
31460,73403,39,16
30884,72802,38,31
29467,73324,37,29
30884,72565,42,26
29892,73102,43,27
34815,83962,41,23
32225,73247,39,12
30756,79883,39,15
29491,73578,44,20
34767,84354,47,24
31954,74023,42,19
32127,77411,36,23
30957,77322,30,19
29209,76716,41,25
29495,73014,40,11
29621,74630,43,16
29197,80044,43,40
28917,73616,42,18
29649,73834,40,16
31342,77921,35,31
31237,74764,47,16
32082,74824,38,18
30555,78542,47,23
29790,81239,42,21
34992,55439,35,10
30621,72738,34,40
32141,74394,37,21
30576,77896,41,24
29726,72460,36,43
30775,81750,41,23
30628,73039,33,40
29043,76440,40,23
31259,77579,42,13
31429,81484,42,14
32260,73432,39,28
31600,77303,42,39
30775,81730,36,40
32361,77560,42,18
30775,81581,38,32
34815,83963,41,23
29379,81511,42,19
31945,80886,37,11
28945,80238,34,9
31849,76456,39,27
30485,80302,40,15
30115,72512,35,19
30453,78176,41,26
32095,80316,33,52
34767,84354,48,24
30820,74624,38,15
31794,81477,40,20
29907,81148,40,20
30884,73037,38,36
32088,77436,38,15
30434,73698,40,21
32799,83964,46,27
29590,77945,41,37
29590,77873,39,38
32127,77834,42,24
29163,78106,35,37
28933,81213,41,19
31429,81505,41,21
31600,77617,40,34
31247,78485,44,17
29467,74476,33,27
29800,77924,38,17
35877,55752,32,13
29379,81210,34,28
30303,47894,26,9
30904,74374,36,21
50674,84200,29,4
31429,81487,42,27
30491,72613,40,22
29379,81191,45,30
31663,72834,45,17
29495,73077,42,25
31517,76831,41,22
30884,72778,37,20
29527,74312,39,18
29131,72562,41,27
32400,73506,41,23
31004,74178,44,14
31873,76982,44,15
28859,77997,35,33
29084,81261,35,31
30884,72802,38,31
30399,80473,47,22
29579,79882,32,35
30955,76294,38,23
34767,84354,47,24
29088,77803,44,23
31076,82305,42,16
32257,76701,40,34
29366,79819,41,31
32228,75119,34,15
30342,48785,27,12
31683,77363,39,22
29467,73115,28,26
31539,73601,40,22
30775,81918,37,39
28889,74829,42,16
30447,80707,45,13
29088,77803,44,23
32207,80529,42,25
29590,77947,36,47
29467,73115,29,26
35877,55752,31,13
29087,79839,49,22
31600,77112,46,24
31487,73394,40,21
30628,72871,37,39
30758,73349,43,19
31593,77954,44,27
31315,78304,33,52
28859,77997,38,33
30506,77067,43,36
31281,76760,30,8
34767,84354,48,24
29308,74729,35,34
31342,78093,44,13
32799,83965,47,27
30930,74733,35,39
30197,81581,39,41
35509,59086,31,7
29343,80426,39,38
31076,82305,43,16
31268,81124,37,18
29730,74015,43,21
29708,78009,44,19
29576,76056,42,22
31520,81036,45,17
30987,72469,33,24
35655,83882,45,22
29168,78301,40,36
31384,74793,32,23
31624,81035,44,22
29375,73530,44,18
32528,61848,37,43
29187,74383,37,28
32174,80375,37,34
30830,81119,31,43
31859,76623,37,12
32238,81779,41,11
28816,72711,40,27
64068,83890,30,11
30058,77146,38,17
28870,74349,38,20
28925,78614,37,15
29467,74476,33,27
30447,80707,44,13
33978,55613,26,11
31417,73251,35,35
30884,72686,39,28
32001,80858,41,22
31375,74325,36,16
32027,77573,35,14
31170,78587,36,18
29576,76319,43,21
30492,73053,40,16
31394,80368,41,20
30714,80570,35,37
28855,81084,37,21
32799,83965,46,27
30115,72513,36,19
29197,79610,46,33
31593,78192,45,32
29576,76027,45,27
32141,74395,37,21
53088,83619,35,21
28973,81938,39,45
29073,81725,35,12
32361,77465,40,40
29495,73015,39,11
30011,73796,37,18
32095,80397,40,11
29590,77629,40,43
29590,77946,42,37
31449,74473,35,32
30735,82420,45,17
30136,78325,40,35
29511,73074,36,18
31012,73018,38,18
29379,81211,36,28
29726,72719,35,35
29590,78038,42,26
30506,77066,42,36
30904,74373,36,21
29579,79888,36,34
29379,81190,46,30
31621,81554,43,23
31084,81466,38,20
30775,81749,39,23
29579,79889,34,35
28853,76567,38,10
28875,80398,44,37
29596,73548,45,18
30745,81667,43,15
30197,80654,43,23
31226,74706,31,13
30140,80264,37,35
31253,78131,39,12
31429,81666,49,27
32207,80416,41,22
32281,79965,41,20
32095,80397,42,11
30995,81955,33,12
32091,81272,34,16
31429,81624,44,21
30892,79847,33,16
31253,78039,41,42
29379,81574,43,24
29467,73426,43,28
31247,78485,44,17
32067,80466,45,18
31501,73723,35,30
34815,83962,42,23
31332,80940,38,16
31247,78485,44,17
30587,76256,39,28
29838,74547,37,38
30904,74319,41,22
29986,74600,37,17
31247,78149,35,13
30236,76454,35,32
32400,73339,32,28
64770,83933,39,19
35655,83882,43,22
29728,47868,35,6
29752,76181,31,12
29601,74328,41,19
32799,83965,46,27
31429,81484,41,14
30747,78143,37,24
30062,72672,37,17
32303,80970,36,18
30366,81888,42,17
30432,76913,35,40
30619,66279,36,13
63882,83627,36,12
32070,80286,37,43
30861,77427,33,19
32053,77842,44,21
31429,81688,45,11
29648,77090,43,31
31449,74540,35,36
31682,76979,34,44
35655,83882,43,22
31312,82331,36,13
30775,81750,41,23
29084,81262,35,31
32086,81137,44,20
30904,74433,35,25
30775,82017,38,30
31593,77981,38,31
31593,78432,38,33
30884,72685,38,28
30862,77861,43,16
28870,81440,43,35
31429,81688,45,11
29648,77090,44,32
30775,81945,32,24
31462,72869,35,32
29590,78039,41,26
29485,77129,44,40
35655,83881,44,22
31417,73251,37,35
29392,81874,43,23
29959,76368,38,18
31849,76543,36,18
31429,81667,50,27
31279,80045,36,19
31007,79674,40,19
31228,77371,44,17
32361,77465,40,40
32215,72470,35,14
31247,78149,35,13
31501,73718,35,31
31375,74324,37,16
31247,78493,43,26
29850,80610,37,12
30006,74695,42,37
31831,76725,35,41
30485,80303,36,15
31954,74022,41,19
30758,72953,37,37
29610,78069,41,19
58296,80940,18,2
29084,82070,37,13
29004,77710,40,19
30238,81446,36,23
29722,76485,35,11
31330,47904,33,15
31315,78303,35,52
32005,73269,42,18
34992,55439,35,10
29495,72825,43,21
31247,78342,43,22
31977,74261,41,22
29576,76463,43,27
32379,74155,42,17
31977,73987,35,18
32207,80340,45,28
29379,81511,42,19
31176,77136,48,19
29392,81874,43,23
31600,77524,43,33
30653,73955,34,15
29892,73103,44,27
29601,74328,43,19
31237,74763,45,16
31836,74414,41,17
29467,74477,34,27
29821,72546,31,10
32258,76295,37,23
29576,76056,41,22
32238,81779,42,11
31021,73288,40,19
34060,55329,34,11
35655,83881,45,22
31858,77515,39,11
32206,80671,37,22
30079,76245,36,16
30432,76798,34,50
30472,82045,43,28
29097,81083,39,48
32174,80537,39,16
29495,72825,42,21
31315,78449,34,37
29363,78157,50,34
28917,73615,42,18
52447,80249,44,16
31609,48614,27,9
29870,81218,42,13
30735,82421,44,17
31332,80940,40,16
30440,77206,37,19
31609,48613,24,9
31724,77155,38,15
29576,76027,46,27
34808,62157,39,29
31977,74260,46,25
31176,76889,35,32
29590,77866,39,44
29712,74871,36,17
29590,77945,43,37
29294,77039,43,20
29277,78060,39,22
29383,78219,41,15
29976,74085,37,15
32796,54733,21,7
30076,80621,38,14
30303,47894,24,9
34525,62145,40,27
32027,77573,35,14
50756,84218,41,20
29808,77746,39,50
31862,74023,44,20
31574,73487,39,16
32174,80538,40,16
29590,77945,42,37
31621,81554,42,23
29590,78119,38,34
32796,54733,24,7
32035,81051,45,21
29044,76318,40,20
31420,81298,39,45
32207,80411,46,26
30260,77036,42,39
31084,81467,38,20
31429,81505,43,21
29131,72562,42,27
29205,79953,37,16
30904,74373,38,21
28976,72818,41,18
31230,78518,38,21
28838,81796,42,20
29620,79754,38,25
30759,77870,42,22
31593,78424,38,34
32018,82078,42,9
32207,80528,41,25
34767,84353,47,24
32329,77833,39,14
32260,73432,41,28
29182,77418,45,27
30914,72514,42,17
30855,74323,41,41
31226,74707,31,13
29708,80818,46,38
31338,74202,37,43
29511,73074,36,18
32799,83964,46,27
28878,73476,39,25
29576,76027,46,27
33405,61810,41,24
32258,76722,39,15
30714,74485,37,16
29259,81243,48,24
30775,81730,35,40
31012,73018,38,18
31041,76959,39,19
30714,80570,36,37
29576,76056,42,22
29590,78118,37,34
31593,77869,36,25
28933,81223,40,19
34815,83962,42,23
30023,78415,36,16
30884,72802,37,30
30076,80621,40,14
30845,73277,35,20
32733,58363,36,17
31639,80516,28,38
29131,72952,37,12
31043,79993,38,45
30775,82018,40,30
32400,73339,33,28
29790,81240,44,21
29351,77428,37,23
35655,83882,45,22
29728,47867,36,6
63882,83627,36,12
29590,77865,39,44
31473,76336,37,28
28859,77996,35,33
31114,76898,36,16
31385,74772,31,12
30969,80119,42,19
31977,73987,48,15
29197,79423,46,29
35877,55751,31,13
31429,81625,43,21
29576,76198,44,29
30683,77702,43,18
31724,77198,35,19
31043,79993,35,45
30678,73740,47,25
30257,78252,38,20
30884,73037,38,36
30884,73037,39,36
30925,73223,38,20
30920,81365,39,24
31600,77309,38,31
30336,76442,34,42
29029,81290,40,13
29197,79768,38,36
29264,73820,34,17
29307,72525,39,13
30714,80571,37,37
29261,80385,44,18
29209,80530,37,22
29197,79768,37,35
31114,76897,36,16
62970,83651,39,14
30241,73087,40,14
29197,79768,39,36
30930,73363,42,20
31717,82493,43,17
34424,58875,37,15
30855,77005,41,25
29751,80493,43,30
28854,72640,38,12
33388,55605,33,14
31600,77600,35,35
30992,74720,43,21
29518,80796,39,20
31100,75281,41,28
31593,78191,44,32
31295,73506,38,15
29576,76026,44,27
32236,80843,41,17
32023,77850,36,15
31593,78433,39,34
31041,76958,40,19
29383,78219,42,15
52447,80249,44,16
31338,74202,35,43
29495,73200,42,22
30968,76370,42,29
31247,78149,34,13
31247,78523,44,27
29197,79959,43,31
31429,81505,42,21
29576,76463,44,27
31819,81869,40,18
29866,81526,37,11
31893,73938,42,25
31431,80222,34,40
31892,79855,41,20
31849,76456,39,27
30884,72530,38,28
30884,72719,32,35
31429,81624,44,21
29087,79847,48,22
30923,79879,40,37
30904,74496,44,35
31977,73819,39,19
31338,74203,36,43
32228,75119,37,15
31977,74261,40,22
52717,84004,39,18
35702,55279,21,9
29197,77597,33,38
29901,74962,38,15
31449,74540,35,36
29649,73848,40,16
29984,74510,34,34
32041,78642,39,12
29929,77942,35,47
30904,74434,35,25
30277,73939,40,17
31987,73374,38,19
29686,77509,42,17
32207,80416,41,23
31236,80972,42,39
29590,77638,39,46
29379,81511,42,19
31609,48613,25,9
31091,80848,47,28
29821,72545,32,10
30949,79832,41,17
29190,81628,39,37
31937,73877,38,14
31236,80971,39,39
31247,78341,41,22
30326,79992,33,45
30912,78135,33,38
30775,81704,38,40
29821,72545,32,10
30640,81625,32,13
31046,80841,36,14
30522,72898,34,26
31332,80940,40,16
31384,74793,33,23
31429,81666,50,27
30758,73350,42,19
29205,79953,37,16
35863,59069,31,12
30058,77146,38,17
31462,72868,33,32
29197,77603,33,38
32334,76281,43,21
29495,73200,41,22
32838,58587,33,8
30555,72748,39,15
30440,77206,40,19
30973,80065,48,25
29686,77509,43,17
31590,76673,45,28
30777,78310,42,20
32142,74705,38,17
34815,83962,41,23
31234,73427,43,10
29197,80044,43,40
29876,78533,34,15
29610,78068,39,19
32207,80382,43,23
32207,80381,43,23
30485,80302,38,15
30992,74720,44,21
32220,82546,38,23
29197,79423,44,29
32009,76537,37,17
31429,81688,45,11
29428,73500,42,15
30619,66279,35,13
30775,81588,35,32
31429,81485,41,14
34992,55439,37,10
30794,80334,39,10
29467,73203,41,23
29581,77172,39,24
29467,73114,31,26
31593,77982,37,31
31820,73549,36,15
30482,48558,21,8
32173,74183,40,37
30654,78061,43,39
29383,78218,41,15
29363,78062,41,49
31420,81298,36,45
31176,76889,36,32
30331,80898,41,9
31247,78342,45,22
35708,62121,32,30
31429,81624,44,21
30453,77565,33,35
29708,78009,44,19
35655,83882,43,22
31381,77664,41,26
31607,47804,36,16
32157,81338,39,21
30342,48785,27,12
30550,74550,29,12
29722,76484,36,11
29636,76312,40,10
31794,81478,42,20
29131,72563,41,27
29084,82070,37,13
30447,77762,30,6
32141,74394,38,21
29256,47530,28,1
31247,78149,34,13
29491,73578,46,20
30828,77210,43,30
33978,55613,26,11
29467,72958,40,25
31315,78188,33,49
31194,78225,30,41
32799,83964,47,27
50756,84218,43,20
31179,74552,37,18
35655,83882,42,22
32207,80529,37,29
30461,73267,39,18
29202,74197,38,26
30884,72564,41,26
31429,81505,42,21
29485,77129,44,40
29818,80683,39,37
30904,74373,37,21
31084,81466,35,20
29839,77169,45,16
29487,76245,41,31
48037,80045,38,20
30775,81730,37,40
31600,77111,46,24
31533,82266,41,14
